{"cameraMode":{"drawMode":0,"name":"Shaded","section":"Shading Mode"},"sceneLighting":false,"audioPlay":false,"sceneViewState":{"showFog":false,"showMaterialUpdate":false,"showSkybox":false,"showFlares":false,"showImageEffects":false,"showParticleSystems":false},"in2DMode":false,"pivot":{"x":-3.4729714393615724,"y":-0.7337756752967835,"z":0.2629072070121765},"rotation":{"x":-0.18625205755233766,"y":0.733680248260498,"z":-0.22238746285438538,"w":-0.6144656538963318},"size":4.140766143798828,"orthographic":false}