{"cameraMode":{"drawMode":0,"name":"Shaded","section":"Shading Mode"},"sceneLighting":false,"audioPlay":false,"sceneViewState":{"showFog":true,"showMaterialUpdate":false,"showSkybox":false,"showFlares":true,"showImageEffects":true,"showParticleSystems":true},"in2DMode":false,"pivot":{"x":0.0,"y":0.49000000953674319,"z":6.650000095367432},"rotation":{"x":-0.07475506514310837,"y":-0.9011030793190002,"z":0.17237617075443269,"w":-0.3907831907272339},"size":3.995206356048584,"orthographic":false}