{"cameraMode":{"drawMode":0,"name":"Shaded","section":"Shading Mode"},"sceneLighting":true,"audioPlay":false,"sceneViewState":{"showFog":true,"showMaterialUpdate":false,"showSkybox":false,"showFlares":true,"showImageEffects":true,"showParticleSystems":true},"in2DMode":false,"pivot":{"x":3.3826236724853517,"y":-4.233642578125,"z":6.407655715942383},"rotation":{"x":0.24826930463314057,"y":0.7497274279594421,"z":-0.4642249047756195,"w":0.40095680952072146},"size":11.88010311126709,"orthographic":false}